Full_Name,Lat,Long,YeStart,YeEnd,Gambiae,Funestus,min_1,max_1,min_2,max_2,min_3,max_3,min_4,max_4,min_5,max_5,min_6,max_6,min_7,max_7,min_8,max_8,min_9,max_9,min_10,max_10,min_11,max_11,min_12,max_12
Cabungo,-8.5667,13.5,2002,2002,1.0,0.0,21.0,36.5,21.5,38.6,22.1,37.3,22.5,38.2,18.1,39.8,14.4,36.0,13.9,31.6,15.1,31.0,15.2,33.8,18.6,35.3,19.1,35.9,20.8,36.2
Kilunda,-8.9268,13.5878,2001,2002,0.0,1.0,20.3,37.3,20.7,40.0,20.8,38.0,22.0,39.8,16.3,42.3,13.0,37.9,13.6,33.8,14.7,33.7,14.5,34.8,18.4,37.9,17.9,37.7,20.0,37.8
Barragem,-12.339,14.7892,2008,2009,0.0,1.0,8.3,27.9,10.0,27.5,11.9,27.1,12.2,28.2,9.9,28.7,7.3,29.5,5.3,32.2,10.2,35.8,9.2,37.9,11.3,34.3,10.8,33.3,8.6,30.1
Candiero,-12.3665,14.761,2008,2009,0.0,1.0,8.3,27.9,10.0,27.5,11.9,27.1,12.2,28.2,9.9,28.7,7.3,29.5,5.3,32.2,10.2,35.8,9.2,37.9,11.3,34.3,10.8,33.3,8.6,30.1
Canjala,-12.3547,14.7365,2008,2009,0.0,1.0,8.3,27.9,10.0,27.5,11.9,27.1,12.2,28.2,9.9,28.7,7.3,29.5,5.3,32.2,10.2,35.8,9.2,37.9,11.3,34.3,10.8,33.3,8.6,30.1
Capango,-12.3836,14.8332,2008,2009,0.0,1.0,8.3,27.9,10.0,27.5,11.9,27.1,12.2,28.2,9.9,28.7,7.3,29.5,5.3,32.2,10.2,35.8,9.2,37.9,11.3,34.3,10.8,33.3,8.6,30.1
Chissequele,-12.3634,14.7832,2008,2009,0.0,1.0,8.3,27.9,10.0,27.5,11.9,27.1,12.2,28.2,9.9,28.7,7.3,29.5,5.3,32.2,10.2,35.8,9.2,37.9,11.3,34.3,10.8,33.3,8.6,30.1
Libata,-12.339,14.7673,2008,2009,0.0,1.0,8.3,27.9,10.0,27.5,11.9,27.1,12.2,28.2,9.9,28.7,7.3,29.5,5.3,32.2,10.2,35.8,9.2,37.9,11.3,34.3,10.8,33.3,8.6,30.1
Cavaco,-12.5433,13.4308,2005,2005,1.0,0.0,20.9,30.6,21.7,32.1,21.1,32.0,21.3,32.1,21.3,32.0,19.5,30.0,16.8,29.4,16.2,24.7,17.8,25.9,20.0,28.9,22.5,30.2,20.5,30.7
Cawango,-12.5689,13.4034,2001,2001,1.0,0.0,20.5,31.9,22.0,32.5,23.7,34.2,24.2,33.7,21.5,33.8,17.6,31.3,16.2,28.9,16.5,27.8,16.2,25.9,19.7,31.0,20.4,29.4,21.8,30.2
Sao Pedro,-12.715,13.467,2001,2001,1.0,0.0,17.3,36.1,18.5,35.9,20.3,37.4,20.8,37.2,18.1,38.1,14.3,35.4,14.1,33.1,13.9,31.8,13.4,30.5,17.4,34.9,16.5,33.5,18.7,33.3
Alto Liro,-12.347999999999999,13.5985,2003,2005,1.0,0.0,19.3,33.0,18.9,34.4,18.5,34.3,17.9,35.0,18.4,34.9,16.7,32.5,14.2,32.3,13.4,28.2,16.4,29.0,18.4,31.5,20.7,31.9,18.9,33.5
Caponte,-12.3616,13.5488,2003,2007,1.0,0.0,21.0,30.1,21.6,30.4,24.0,31.5,22.9,31.9,20.0,30.9,21.4,30.1,16.9,28.6,17.1,24.5,18.0,25.8,20.2,27.9,22.3,30.9,23.3,29.8
Liro,-12.3719,13.5947,2003,2007,1.0,0.0,18.0,33.0,18.4,34.3,20.8,34.8,19.8,35.4,16.1,34.3,17.4,33.4,14.4,32.3,14.6,29.9,15.9,30.4,18.2,32.3,19.7,33.8,20.5,33.2
Lobito town,-12.360999999999999,13.53,2003,2007,1.0,0.0,21.0,30.1,21.6,30.4,24.0,31.5,22.9,31.9,20.0,30.9,21.4,30.1,16.9,28.6,17.1,24.5,18.0,25.8,20.2,27.9,22.3,30.9,23.3,29.8
Lobito Velho,-12.338,13.5526,2003,2007,1.0,0.0,21.0,30.1,21.6,30.4,24.0,31.5,22.9,31.9,20.0,30.9,21.4,30.1,16.9,28.6,17.1,24.5,18.0,25.8,20.2,27.9,22.3,30.9,23.3,29.8
Restinga,-12.3277,13.5644,2003,2007,1.0,0.0,21.0,30.1,21.6,30.4,24.0,31.5,22.9,31.9,20.0,30.9,21.4,30.1,16.9,28.6,17.1,24.5,18.0,25.8,20.2,27.9,22.3,30.9,23.3,29.8
San Joao,-12.3593,13.552999999999999,2003,2007,1.0,0.0,21.0,30.1,21.6,30.4,24.0,31.5,22.9,31.9,20.0,30.9,21.4,30.1,16.9,28.6,17.1,24.5,18.0,25.8,20.2,27.9,22.3,30.9,23.3,29.8
Sonamet-Yard,-12.359000000000002,13.5505,2003,2007,1.0,0.0,21.0,30.1,21.6,30.4,24.0,31.5,22.9,31.9,20.0,30.9,21.4,30.1,16.9,28.6,17.1,24.5,18.0,25.8,20.2,27.9,22.3,30.9,23.3,29.8
Calueque,-17.259,14.56,1998,2004,0.0,1.0,16.8,43.5,16.3,42.1,8.9,42.0,13.0,39.7,8.6,36.7,7.8,33.2,6.2,32.0,6.1,36.6,10.3,42.0,12.2,43.2,14.3,45.9,15.3,43.6
Omnhenene,-17.3833,14.5667,2002,2002,0.0,1.0,15.4,43.0,14.2,40.0,15.4,38.2,13.3,35.2,9.2,37.0,5.8,32.0,4.7,30.8,7.2,37.7,9.3,39.7,11.7,41.7,11.6,42.3,13.3,45.3
Camussamba,-12.0667,15.8,2003,2004,0.0,1.0,11.5,37.4,10.9,32.1,10.1,34.4,8.6,32.1,4.9,34.0,4.9,33.2,4.9,32.4,9.0,35.2,8.6,38.4,11.0,39.9,11.8,36.3,11.1,34.0
Ca�la,-12.850999999999999,15.559000000000001,2014,2014,0.0,0.0,9.4,27.6,9.5,25.9,7.8,26.8,6.1,26.3,3.5,27.7,2.5,27.2,2.5,29.2,4.3,34.1,5.0,35.0,7.6,34.8,9.1,31.1,10.8,26.0
Cazenga 1,-12.7573,15.7171,2001,2001,1.0,0.0,8.7,34.7,8.0,35.0,9.1,32.7,8.2,32.0,5.0,33.9,5.4,32.9,4.5,30.6,7.3,33.2,8.4,37.8,12.8,39.1,9.3,38.7,10.9,36.3
Cazengue,-12.7587,15.7206,2001,2001,1.0,0.0,8.7,34.7,8.0,35.0,9.1,32.7,8.2,32.0,5.0,33.9,5.4,32.9,4.5,30.6,7.3,33.2,8.4,37.8,12.8,39.1,9.3,38.7,10.9,36.3
Cossango,-12.667,15.65,2003,2003,1.0,1.0,10.1,32.0,10.7,30.5,10.3,29.5,9.4,29.5,3.8,31.8,5.3,30.2,7.7,33.6,7.0,34.9,7.9,37.4,12.1,37.3,10.8,34.4,11.8,37.1
Sao Jose,-12.7836,15.7394,2001,2001,1.0,0.0,8.7,34.7,8.0,35.0,9.1,32.7,8.2,32.0,5.0,33.9,5.4,32.9,4.5,30.6,7.3,33.2,8.4,37.8,12.8,39.1,9.3,38.7,10.9,36.3
Tchilonga,-12.6476,15.6463,2003,2004,0.0,1.0,12.8,35.0,10.9,31.4,10.1,33.2,7.7,31.5,4.2,33.4,3.7,32.4,3.6,30.4,7.7,34.8,6.8,38.3,12.2,39.7,12.6,35.0,11.5,32.7
Chibia,-15.190999999999999,13.689,2014,2014,0.0,0.0,9.8,28.1,9.6,27.1,9.8,26.7,5.6,26.5,4.3,26.5,4.0,26.9,0.4,27.9,1.8,33.5,3.2,35.5,7.8,34.2,8.9,33.9,9.3,26.8
Lubango,-14.915999999999999,13.492,2002,2002,0.0,0.0,9.0,34.4,12.5,32.6,13.2,33.4,13.1,32.7,8.9,34.0,2.8,32.8,3.0,32.4,5.5,35.8,7.3,37.4,7.7,39.2,6.3,36.3,6.4,36.8
N�dalatando,-9.298,14.915,2003,2003,1.0,0.0,13.6,38.8,14.1,39.0,16.2,39.0,17.1,39.7,13.0,40.1,12.5,38.1,12.9,39.3,12.6,37.5,14.5,37.4,17.0,35.9,16.9,38.2,15.8,35.1
Bairro Pinto,-8.8333,13.55,2002,2002,1.0,1.0,20.3,37.3,20.7,40.0,20.8,38.0,22.0,39.8,16.3,42.3,13.0,37.9,13.6,33.8,14.7,33.7,14.5,34.8,18.4,37.9,17.9,37.7,20.0,37.8
Mulundu,-8.8167,13.4833,2001,2002,0.0,1.0,20.3,37.3,20.7,40.0,20.8,38.0,22.0,39.8,16.3,42.3,13.0,37.9,13.6,33.8,14.7,33.7,14.5,34.8,18.4,37.9,17.9,37.7,20.0,37.8
Nazar?Vidrul,-8.7573,13.4035,2001,2002,0.0,1.0,21.0,36.5,21.5,38.6,22.1,37.3,22.5,38.2,18.1,39.8,14.4,36.0,13.9,31.6,15.1,31.0,15.2,33.8,18.6,35.3,19.1,35.9,20.8,36.2
Pinto,-8.7833,13.4667,2001,2002,0.0,1.0,20.3,37.3,20.7,40.0,20.8,38.0,22.0,39.8,16.3,42.3,13.0,37.9,13.6,33.8,14.7,33.7,14.5,34.8,18.4,37.9,17.9,37.7,20.0,37.8
Sa?Francisco da Praia,-8.754,13.3966,2001,2002,0.0,1.0,21.0,36.5,21.5,38.6,22.1,37.3,22.5,38.2,18.1,39.8,14.4,36.0,13.9,31.6,15.1,31.0,15.2,33.8,18.6,35.3,19.1,35.9,20.8,36.2
Mateba,-8.8029,13.2589,2002,2003,1.0,0.0,20.5,35.9,21.7,41.2,22.0,39.5,21.7,39.7,19.1,39.7,17.2,35.0,16.7,33.1,15.2,31.1,17.4,31.9,20.0,33.0,21.5,33.8,22.2,34.6
Samba,-8.8804,13.1965,2001,2001,1.0,0.0,19.8,37.5,22.1,37.2,21.5,39.4,22.5,39.4,19.5,38.9,16.8,35.2,13.9,32.8,17.1,31.6,19.0,31.1,21.3,33.7,22.1,34.4,22.0,34.8
Sa?Miguel,-8.8173,13.2253,2001,2002,0.0,1.0,21.7,35.3,22.1,37.5,22.6,36.6,23.2,37.4,18.9,38.6,15.7,34.3,15.3,30.1,16.0,29.6,16.0,31.1,19.5,33.9,20.0,34.1,20.8,34.4
Bita Tanke,-9.117,13.3336,2001,2002,0.0,1.0,20.9,35.5,21.4,38.1,21.6,36.3,22.6,38.1,17.6,39.8,14.8,35.7,15.5,31.4,15.4,31.4,15.3,32.1,19.3,35.6,19.1,35.3,20.3,35.7
Viana,-8.898,13.347000000000001,2002,2002,1.0,0.0,21.7,35.3,22.1,37.5,22.6,36.6,23.2,37.4,18.9,38.6,15.7,34.3,15.3,30.1,16.0,29.6,16.0,31.1,19.5,33.9,20.0,34.1,20.8,34.4
Bairro Aida,-15.1764,12.194,2001,2002,1.0,0.0,18.7,29.4,21.5,31.3,22.4,32.2,21.7,34.0,19.2,33.2,16.1,29.3,13.9,29.6,13.3,27.5,13.1,25.0,15.0,25.3,15.9,28.4,15.7,27.7
Bairro St. Rita,-15.1876,12.1574,2001,2002,1.0,0.0,18.7,29.4,21.5,31.3,22.4,32.2,21.7,34.0,19.2,33.2,16.1,29.3,13.9,29.6,13.3,27.5,13.1,25.0,15.0,25.3,15.9,28.4,15.7,27.7
Kikudo,-6.1224,12.3615,2002,2002,1.0,0.0,22.8,32.1,23.9,33.3,22.1,34.0,22.4,34.3,21.8,33.5,18.5,31.1,15.6,28.0,15.9,28.3,17.9,28.4,20.8,30.2,22.2,32.9,22.1,32.3
Matajor,-6.1259,12.3601,2002,2002,1.0,0.0,22.8,32.1,23.9,33.3,22.1,34.0,22.4,34.3,21.8,33.5,18.5,31.1,15.6,28.0,15.9,28.3,17.9,28.4,20.8,30.2,22.2,32.9,22.1,32.3
Banikoara,11.2985,2.4386,2008,2010,1.0,0.0,11.0,41.7,12.9,45.8,13.2,47.9,20.7,50.2,23.4,47.3,21.2,47.0,20.4,42.7,20.7,35.8,20.3,35.1,21.9,37.7,16.9,40.9,12.9,41.5
Banikoara 1,11.2935,2.399,2008,2008,1.0,0.0,12.4,40.6,11.2,46.7,10.0,49.3,20.5,49.7,25.0,47.4,22.2,42.9,21.5,41.1,20.3,36.9,19.8,39.5,20.8,43.2,12.6,43.0,12.4,40.6
Banikoara 2,11.2972,2.4741,2008,2008,1.0,0.0,12.3,40.4,10.6,46.7,9.6,49.2,18.5,49.7,25.7,46.9,22.8,45.0,21.6,40.8,20.6,38.2,20.1,39.4,20.4,43.0,12.6,43.0,11.3,40.2
Banikoara 3,11.3076,2.4509,2008,2008,1.0,0.0,12.3,40.4,10.6,46.7,9.6,49.2,18.5,49.7,25.7,46.9,22.8,45.0,21.6,40.8,20.6,38.2,20.1,39.4,20.4,43.0,12.6,43.0,11.3,40.2
Banikani,11.220999999999998,3.0639999999999996,2015,2015,0.0,0.0,10.3,42.4,10.6,47.3,11.8,49.2,17.9,49.3,22.6,48.2,22.6,44.5,21.2,43.7,19.0,37.8,20.4,39.2,20.6,43.8,12.4,44.1,11.3,42.1
Congou,11.2004,2.908,2015,2015,0.0,0.0,10.3,42.4,10.6,47.3,11.8,49.2,17.9,49.3,22.6,48.2,22.6,44.5,21.2,43.7,19.0,37.8,20.4,39.2,20.6,43.8,12.4,44.1,11.3,42.1
Faba,11.3233,3.0401,2015,2015,0.0,0.0,10.9,42.2,11.2,47.1,12.6,49.3,18.3,49.1,23.8,47.9,23.4,45.8,21.7,44.1,19.4,39.9,20.7,40.2,20.2,44.3,11.7,44.4,10.3,41.4
Kossarou,11.1248,2.9360000000000004,2012,2013,1.0,1.0,8.1,42.9,10.6,45.3,12.3,47.2,22.2,49.0,22.3,48.9,20.5,45.3,21.2,40.0,19.1,35.5,20.7,38.1,20.2,41.3,14.8,42.2,11.5,41.7
Namarou,11.1793,2.9008,2015,2015,0.0,0.0,10.3,42.4,10.6,47.3,11.8,49.2,17.9,49.3,22.6,48.2,22.6,44.5,21.2,43.7,19.0,37.8,20.4,39.2,20.6,43.8,12.4,44.1,11.3,42.1
Saah,11.1747,3.0673,2015,2015,0.0,0.0,10.3,42.4,10.6,47.3,11.8,49.2,17.9,49.3,22.6,48.2,22.6,44.5,21.2,43.7,19.0,37.8,20.4,39.2,20.6,43.8,12.4,44.1,11.3,42.1
Sonsoro,11.0817,2.7699,1995,2015,1.0,1.0,10.4,42.5,12.5,47.7,12.7,49.0,19.8,49.5,22.0,47.6,22.5,44.9,21.0,44.1,18.7,38.0,20.5,39.0,20.4,43.3,12.1,43.3,11.1,42.0
Tissarou,11.1177,2.8792,2015,2015,0.0,0.0,10.3,42.4,10.6,47.3,11.8,49.2,17.9,49.3,22.6,48.2,22.6,44.5,21.2,43.7,19.0,37.8,20.4,39.2,20.6,43.8,12.4,44.1,11.3,42.1
Tui,11.2867,3.0213,2012,2013,1.0,0.0,8.1,42.9,10.6,45.3,12.3,47.2,22.2,49.0,22.3,48.9,20.5,45.3,21.2,40.0,19.1,35.5,20.7,38.1,20.2,41.3,14.8,42.2,11.5,41.7
Yondarou,11.05,2.733,2012,2013,1.0,0.0,8.5,43.0,10.9,45.6,12.2,46.8,21.6,48.9,22.0,49.4,20.3,46.0,20.9,39.4,19.4,36.0,20.5,38.1,20.0,40.6,14.9,42.7,12.0,42.4
Gansosso,12.3691,2.8662,2012,2013,0.0,1.0,9.2,39.3,12.9,44.5,12.8,46.3,19.5,50.4,23.3,50.2,23.5,47.5,22.4,41.7,20.8,40.8,22.1,41.5,20.0,45.3,14.6,45.0,10.4,43.8
Karimama,12.0667,3.1833,2001,2001,0.0,0.0,10.7,42.3,11.4,41.3,13.1,44.9,15.1,50.8,18.0,50.0,23.9,49.1,21.7,46.7,22.6,43.7,21.3,46.3,12.9,45.4,8.9,42.3,11.6,40.0
Moune,12.1,3.05,1998,1998,1.0,0.0,11.9,41.7,12.2,43.4,14.4,46.8,20.3,47.1,24.3,47.0,23.4,45.7,21.9,41.3,21.5,41.6,21.1,43.6,23.1,45.0,12.1,45.9,11.0,41.7
Arobanda,11.8514,3.3959,2012,2012,1.0,0.0,11.5,40.4,14.2,46.8,14.5,48.2,15.5,50.2,23.2,50.4,23.8,46.7,22.1,44.6,20.8,38.1,21.4,40.1,16.3,42.0,12.9,41.5,9.8,37.6
Bodjecali,11.8002,3.4367,2012,2015,1.0,0.0,11.7,42.1,14.6,47.4,11.9,49.5,15.9,50.8,24.9,49.3,24.3,47.0,22.5,45.1,20.4,42.0,21.3,41.6,17.4,44.9,13.7,44.8,11.0,41.9
Madecali,11.6981,3.5513,2015,2015,0.0,0.0,11.5,42.5,13.1,47.9,12.0,49.9,17.1,50.6,24.5,48.7,24.2,46.7,22.3,44.2,20.1,40.4,21.2,40.5,17.8,43.6,14.3,43.7,10.6,42.0
Mounin,11.8758,3.3487,2015,2015,0.0,0.0,11.7,42.1,14.6,47.4,11.9,49.5,15.9,50.8,24.9,49.3,24.3,47.0,22.5,45.1,20.4,42.0,21.3,41.6,17.4,44.9,13.7,44.8,11.0,41.9
Kandi 1,11.2667,3.5833,2008,2008,1.0,0.0,10.8,40.8,10.8,47.2,12.4,49.4,20.9,50.4,25.6,48.0,22.9,45.9,21.5,41.9,20.6,36.7,20.4,38.5,20.3,43.1,13.2,42.7,10.5,42.5
Kandi 3,11.15,3.5333,2008,2008,1.0,0.0,10.8,40.8,10.8,47.2,12.4,49.4,20.9,50.4,25.6,48.0,22.9,45.9,21.5,41.9,20.6,36.7,20.4,38.5,20.3,43.1,13.2,42.7,10.5,42.5
Coutagou,10.1438,1.14,2015,2015,0.0,0.0,12.9,41.2,11.3,42.6,11.1,44.1,19.9,44.6,22.2,40.4,21.0,38.8,20.5,36.5,17.7,33.7,19.5,34.8,19.6,37.8,16.9,38.5,11.9,39.2
Kounadogou,10.167,1.099,2010,2010,1.0,1.0,11.5,41.8,12.5,43.6,14.2,45.3,22.4,44.2,21.9,42.8,21.4,41.6,19.6,38.6,20.7,32.6,19.9,33.8,21.1,36.1,18.8,38.9,14.9,39.6
Koutangou,10.251,1.083,2010,2010,1.0,1.0,10.4,42.5,13.3,43.8,14.7,45.8,22.1,44.8,21.8,44.6,21.9,42.2,20.3,39.6,21.0,33.6,20.4,35.5,21.5,37.0,18.6,39.6,15.2,40.5
Zongo,10.1743,1.1021,2010,2010,1.0,1.0,11.5,41.8,12.5,43.6,14.2,45.3,22.4,44.2,21.9,42.8,21.4,41.6,19.6,38.6,20.7,32.6,19.9,33.8,21.1,36.1,18.8,38.9,14.9,39.6
Karigourou,10.8305,2.1142,2010,2010,1.0,0.0,9.7,41.6,12.3,44.7,13.9,47.1,21.2,48.0,23.2,45.5,21.4,45.6,20.3,41.2,20.9,35.7,20.7,35.4,21.8,37.5,16.4,39.9,11.5,40.0
Cobly,10.4805,1.0144,2009,2015,1.0,1.0,13.9,41.8,12.2,44.1,9.8,45.1,20.2,45.3,22.4,40.7,21.1,39.3,20.9,37.4,18.9,34.1,19.8,36.3,19.8,38.8,17.0,39.8,14.1,40.4
Cobly - Nouagou,10.4797,1.0143,2015,2015,0.0,0.0,13.9,41.8,12.2,44.1,9.8,45.1,20.2,45.3,22.4,40.7,21.1,39.3,20.9,37.4,18.9,34.1,19.8,36.3,19.8,38.8,17.0,39.8,14.1,40.4
Cobly -Zongo,10.4796,1.0143,2015,2015,0.0,0.0,13.9,41.8,12.2,44.1,9.8,45.1,20.2,45.3,22.4,40.7,21.1,39.3,20.9,37.4,18.9,34.1,19.8,36.3,19.8,38.8,17.0,39.8,14.1,40.4
Bassilou,10.3255,1.6875,2010,2010,1.0,0.0,9.8,40.6,10.8,41.3,14.9,43.1,20.5,44.0,21.3,41.9,20.8,41.1,19.5,37.6,20.7,34.2,20.6,35.7,20.8,36.9,17.2,37.8,14.1,38.0
Beke-Bourame,10.309000000000001,1.7415,2012,2012,1.0,0.0,11.8,38.2,9.3,40.8,12.2,42.4,15.3,43.8,21.1,42.6,20.5,39.5,19.6,37.0,19.5,32.8,19.8,35.3,17.9,38.1,10.5,37.9,9.5,37.4
Goufanrou,10.0489,1.7583,2012,2012,1.0,0.0,10.6,38.6,12.9,41.2,12.9,43.4,14.4,44.5,21.3,43.2,20.9,40.2,19.7,37.4,19.2,33.4,20.1,35.4,18.3,38.3,9.6,37.9,10.2,38.1
Mary,10.3286,1.7087,2012,2014,1.0,0.0,9.4,40.7,9.8,43.7,16.7,44.5,22.2,43.9,21.6,41.4,19.3,38.9,19.3,37.2,18.5,33.6,19.3,37.3,18.8,37.8,13.5,38.8,10.0,38.1
Nassoukou,10.7724,1.8238,2012,2012,1.0,0.0,11.7,38.6,9.6,41.5,13.4,43.3,14.0,44.3,21.3,43.2,21.0,40.7,20.0,38.0,19.7,34.0,20.1,36.5,18.6,39.6,9.3,38.6,9.8,37.1
Nianssera,10.362,1.635,2012,2012,1.0,0.0,11.8,38.2,9.3,40.8,12.2,42.4,15.3,43.8,21.1,42.6,20.5,39.5,19.6,37.0,19.5,32.8,19.8,35.3,17.9,38.1,10.5,37.9,9.5,37.4
Niaro,10.187000000000001,1.6019999999999999,2010,2010,1.0,1.0,11.3,40.5,11.4,42.3,13.9,43.3,21.1,43.6,21.4,41.6,20.9,41.0,19.1,37.8,20.7,33.2,20.1,34.3,20.7,36.5,18.0,37.8,13.4,38.4
Kouforpissiga,10.7174,0.9009999999999999,2015,2015,0.0,1.0,12.8,41.9,10.2,44.7,9.8,45.4,19.6,45.8,23.3,42.7,22.2,40.4,21.4,38.5,19.9,35.1,20.1,36.5,20.6,39.9,17.3,40.3,13.5,40.7
Materi,10.7279,0.9940000000000001,2010,2013,1.0,0.0,10.9,39.8,12.1,44.4,14.4,45.3,21.9,44.5,23.0,44.4,21.4,40.7,20.5,36.2,18.8,35.0,20.2,37.6,21.3,40.0,16.9,41.8,13.6,41.4
Nambouli,10.8746,0.9547,2012,2012,1.0,0.0,12.3,42.0,14.5,43.6,18.8,44.8,16.5,47.0,24.0,47.1,23.7,41.7,21.5,40.1,20.7,36.4,21.3,38.9,19.1,40.8,13.1,41.3,10.3,39.7
Nanka,10.6916,1.0671,2010,2010,1.0,0.0,8.9,42.0,12.5,43.2,15.7,44.4,20.5,44.7,21.1,43.8,21.8,42.7,20.4,39.6,21.0,34.8,20.8,36.4,21.6,37.1,18.1,39.6,16.0,39.8
Pingou,10.6909,1.1082,2012,2012,1.0,0.0,12.8,40.9,11.6,42.2,17.0,44.2,16.6,45.1,22.2,45.1,22.5,40.0,20.3,38.3,19.6,33.9,20.4,36.7,18.7,38.9,13.5,39.5,10.6,38.7
Sakoehoum,10.9369,1.0624,2012,2012,1.0,0.0,12.3,42.0,14.5,43.6,18.8,44.8,16.5,47.0,24.0,47.1,23.7,41.7,21.5,40.1,20.7,36.4,21.3,38.9,19.1,40.8,13.1,41.3,10.3,39.7
Sakonou,10.7659,1.0147,2012,2012,1.0,0.0,12.3,42.0,14.5,43.6,18.8,44.8,16.5,47.0,24.0,47.1,23.7,41.7,21.5,40.1,20.7,36.4,21.3,38.9,19.1,40.8,13.1,41.3,10.3,39.7
Bercingou,10.234,1.383,2010,2010,1.0,0.0,8.6,40.8,11.6,42.4,16.0,43.6,20.8,44.6,21.3,41.8,21.3,40.6,19.7,38.2,20.7,34.0,20.4,35.4,20.9,36.5,18.2,38.6,15.3,38.8
Kota-Monongou,10.242,1.454,2012,2012,1.0,0.0,10.3,39.1,13.0,41.3,14.7,42.8,15.1,44.5,21.5,43.2,20.5,39.4,19.5,37.1,19.3,32.4,19.7,35.1,17.5,37.3,11.3,38.2,9.9,38.1
Sotchiratikou,10.333,1.3840000000000001,2012,2012,1.0,0.0,11.8,39.5,10.8,41.0,15.6,43.2,15.4,44.0,21.0,43.3,21.0,38.7,19.6,37.0,19.1,32.5,19.4,35.2,17.9,37.5,12.5,38.4,10.2,38.1
Yarikou,10.3916,1.5729,2012,2012,1.0,0.0,11.8,38.2,9.3,40.8,12.2,42.4,15.3,43.8,21.1,42.6,20.5,39.5,19.6,37.0,19.5,32.8,19.8,35.3,17.9,38.1,10.5,37.9,9.5,37.4
Banikani,10.2249,2.0001,2010,2010,1.0,0.0,10.6,42.4,10.4,44.0,12.3,45.8,21.7,45.5,22.0,45.0,20.7,44.3,19.5,39.9,21.0,34.5,20.5,35.4,21.0,36.5,17.3,38.6,9.3,38.8
Gb�ba,10.2504,1.9914,2010,2010,1.0,1.0,9.9,41.2,10.7,42.8,13.0,44.8,20.9,43.9,21.9,43.5,20.9,43.0,19.6,38.7,21.1,34.4,20.7,36.1,20.8,36.8,16.4,38.1,10.1,38.2
Gonri,10.252,2.048,2012,2012,1.0,0.0,9.7,39.6,12.2,43.7,11.9,44.9,15.0,47.0,21.5,45.5,21.4,41.8,20.1,38.5,19.2,35.7,19.9,35.6,18.9,38.3,9.7,37.4,9.6,39.1
Niemasson,10.4124,2.01,2012,2012,1.0,0.0,10.3,38.9,12.2,42.8,11.9,44.1,13.7,45.6,21.1,44.5,21.4,40.8,20.3,38.2,19.8,34.7,20.4,36.3,18.7,39.9,9.3,38.4,9.2,37.9
Pehunco,10.2283,2.0019,2009,2013,1.0,0.0,7.7,40.8,9.5,43.9,11.1,45.4,20.5,46.1,21.3,46.3,19.6,42.3,19.3,34.6,18.4,33.6,19.6,36.2,19.9,39.3,16.0,40.3,12.4,38.8
Sinaou,10.163,2.194,2012,2012,1.0,0.0,9.7,39.6,12.2,43.7,11.9,44.9,15.0,47.0,21.5,45.5,21.4,41.8,20.1,38.5,19.2,35.7,19.9,35.6,18.9,38.3,9.7,37.4,9.6,39.1
Soammborekou,10.1919,1.9565,2012,2012,1.0,0.0,9.7,39.6,12.2,43.7,11.9,44.9,15.0,47.0,21.5,45.5,21.4,41.8,20.1,38.5,19.2,35.7,19.9,35.6,18.9,38.3,9.7,37.4,9.6,39.1
Biacou,10.584000000000001,1.232,2012,2014,1.0,0.0,10.6,41.9,13.8,45.3,16.4,46.8,22.7,46.1,21.6,41.5,19.5,40.3,19.7,37.7,18.2,36.4,19.7,36.5,19.3,38.7,14.5,40.2,13.5,39.6
Jambala Kodilou,10.8363,1.3877,2015,2015,0.0,0.0,13.1,41.7,12.1,44.8,11.9,44.9,18.2,46.4,23.0,42.8,21.7,40.6,20.9,37.8,18.2,34.8,20.3,37.3,20.4,40.1,16.5,40.9,13.2,40.4
Korongkore,10.5821,1.3296,2012,2012,1.0,0.0,12.8,40.9,11.6,42.2,17.0,44.2,16.6,45.1,22.2,45.1,22.5,40.0,20.3,38.3,19.6,33.9,20.4,36.7,18.7,38.9,13.5,39.5,10.6,38.7
Ouanko,10.463,1.17,2012,2012,1.0,0.0,11.7,42.4,12.7,43.1,18.8,44.6,18.0,45.9,23.2,46.2,22.1,40.8,20.4,38.7,19.7,35.2,20.0,36.9,18.8,39.3,13.8,40.7,10.8,39.6
Taiacou,10.5427,1.2026,2012,2014,1.0,0.0,10.6,41.9,13.8,45.3,16.4,46.8,22.7,46.1,21.6,41.5,19.5,40.3,19.7,37.7,18.2,36.4,19.7,36.5,19.3,38.7,14.5,40.2,13.5,39.6
Tanguieta,10.5667,1.2667,2007,2013,1.0,0.0,9.5,38.6,10.1,44.2,13.1,44.0,21.3,43.9,22.2,42.5,20.5,39.6,19.8,34.7,18.6,32.7,19.5,36.4,21.0,38.8,16.1,40.1,10.9,39.8
Tchawasaga,10.7458,1.3882,2015,2015,0.0,0.0,13.1,41.7,12.1,44.8,11.9,44.9,18.2,46.4,23.0,42.8,21.7,40.6,20.9,37.8,18.2,34.8,20.3,37.3,20.4,40.1,16.5,40.9,13.2,40.4
Thanwassaka,10.767000000000001,1.399,2010,2010,1.0,1.0,9.9,41.9,12.2,43.5,14.7,44.8,19.7,45.5,21.0,45.4,21.8,43.9,20.5,40.3,21.0,36.1,20.6,36.5,21.0,38.4,17.6,40.0,15.5,39.9
Tora,10.6654,1.3492,2012,2012,1.0,0.0,12.8,40.9,11.6,42.2,17.0,44.2,16.6,45.1,22.2,45.1,22.5,40.0,20.3,38.3,19.6,33.9,20.4,36.7,18.7,38.9,13.5,39.5,10.6,38.7
Yarka,10.626,1.2688,2010,2010,1.0,0.0,8.9,42.0,12.5,43.2,15.7,44.4,20.5,44.7,21.1,43.8,21.8,42.7,20.4,39.6,21.0,34.8,20.8,36.4,21.6,37.1,18.1,39.6,16.0,39.8
Sanga,10.4931,1.3714,2010,2010,1.0,0.0,8.6,40.8,11.6,42.4,16.0,43.6,20.8,44.6,21.3,41.8,21.3,40.6,19.7,38.2,20.7,34.0,20.4,35.4,20.9,36.5,18.2,38.6,15.3,38.8
Tectibayaou,10.4857,1.4176,2010,2010,1.0,1.0,8.6,40.8,11.6,42.4,16.0,43.6,20.8,44.6,21.3,41.8,21.3,40.6,19.7,38.2,20.7,34.0,20.4,35.4,20.9,36.5,18.2,38.6,15.3,38.8
Toukountouna,10.4957,1.3783,2009,2011,1.0,0.0,11.5,40.8,12.4,44.0,9.4,43.6,16.7,45.5,22.8,39.7,21.6,38.8,19.2,37.2,19.9,33.9,19.6,34.0,20.5,36.2,15.5,38.5,6.9,38.7
Aidjedo,6.4,2.3333,2007,2009,1.0,1.0,20.0,36.0,21.0,36.0,23.0,33.0,23.0,33.0,23.0,33.0,22.0,32.0,22.0,30.0,22.0,30.0,22.0,30.0,22.0,32.0,24.0,34.0,23.0,34.0
Lokohoue,6.4672,2.2558,2007,2011,1.0,1.0,20.7,39.5,23.3,39.4,24.3,40.3,24.6,38.0,24.0,36.4,21.7,34.4,21.6,32.4,20.1,33.1,21.5,32.6,22.1,33.3,22.3,35.7,21.1,39.2
Allada,6.6645,2.1598,2006,2013,1.0,0.0,15.0,38.0,20.8,36.8,23.8,37.2,22.3,36.9,20.0,35.3,21.5,34.3,20.7,30.6,19.4,30.4,20.8,32.9,21.0,33.9,22.4,35.0,20.4,37.0
Allomey,6.6708,2.1508,2012,2012,1.0,1.0,16.2,36.2,22.3,35.1,24.4,36.4,22.5,36.8,23.5,35.9,22.2,34.0,21.2,31.8,20.5,32.0,21.6,32.5,20.8,32.1,21.6,34.5,17.5,37.2
Niaouli,6.7333,2.1333,2006,2012,1.0,1.0,15.2,39.2,20.7,38.2,23.3,39.9,22.1,41.5,22.8,39.7,21.4,36.4,20.8,33.5,19.6,34.3,21.3,34.2,20.4,33.4,21.1,36.3,15.9,37.9
Abenihoue,6.4925,2.0261,2007,2009,1.0,1.0,14.3,39.5,15.1,39.6,23.7,39.6,22.9,36.5,22.9,37.5,22.6,34.5,21.4,31.4,21.3,31.8,22.0,31.9,22.0,34.0,21.6,36.2,18.1,37.5
Adjame,6.433,1.9922,2007,2009,1.0,1.0,14.3,39.5,15.1,39.6,23.7,39.6,22.9,36.5,22.9,37.5,22.6,34.5,21.4,31.4,21.3,31.8,22.0,31.9,22.0,34.0,21.6,36.2,18.1,37.5
Agokon,6.4898,2.0623,2007,2009,1.0,1.0,14.3,39.5,15.1,39.6,23.7,39.6,22.9,36.5,22.9,37.5,22.6,34.5,21.4,31.4,21.3,31.8,22.0,31.9,22.0,34.0,21.6,36.2,18.1,37.5
Dekponhoue,6.4915,2.0422,2007,2009,1.0,1.0,14.3,39.5,15.1,39.6,23.7,39.6,22.9,36.5,22.9,37.5,22.6,34.5,21.4,31.4,21.3,31.8,22.0,31.9,22.0,34.0,21.6,36.2,18.1,37.5
Gbedjougo,6.443,2.0481,2007,2010,0.0,1.0,17.4,38.5,23.7,35.6,24.1,36.2,23.6,35.9,23.0,34.9,22.7,33.4,21.4,30.2,21.6,32.0,21.5,33.2,22.5,35.9,20.0,37.2,20.8,36.7
Gbetaga,6.4652,2.0303,2007,2010,0.0,1.0,17.4,38.5,23.7,35.6,24.1,36.2,23.6,35.9,23.0,34.9,22.7,33.4,21.4,30.2,21.6,32.0,21.5,33.2,22.5,35.9,20.0,37.2,20.8,36.7
Hinmadou,6.5241,2.0343,2007,2009,1.0,1.0,14.3,39.5,15.1,39.6,23.7,39.6,22.9,36.5,22.9,37.5,22.6,34.5,21.4,31.4,21.3,31.8,22.0,31.9,22.0,34.0,21.6,36.2,18.1,37.5
Kindjitokpa,6.4088,1.9799,2007,2009,1.0,1.0,19.3,35.3,19.3,35.6,25.6,35.2,24.7,33.1,24.8,33.6,24.2,31.2,23.0,29.2,22.4,29.1,23.2,29.6,23.4,31.2,23.9,33.0,21.3,34.0
Kpomasse,6.5102,2.0469,2009,2009,0.0,0.0,14.3,39.5,15.1,39.6,23.7,39.6,22.9,36.5,22.9,37.5,22.6,34.5,21.4,31.4,21.3,31.8,22.0,31.9,22.0,34.0,21.6,36.2,18.1,37.5
Amoulehoue,6.4437,2.1224,2007,2009,1.0,1.0,14.3,39.5,15.1,39.6,23.7,39.6,22.9,36.5,22.9,37.5,22.6,34.5,21.4,31.4,21.3,31.8,22.0,31.9,22.0,34.0,21.6,36.2,18.1,37.5
Assogbenou Daho,6.457000000000001,2.0904,2007,2009,1.0,1.0,14.3,39.5,15.1,39.6,23.7,39.6,22.9,36.5,22.9,37.5,22.6,34.5,21.4,31.4,21.3,31.8,22.0,31.9,22.0,34.0,21.6,36.2,18.1,37.5
Dohinoko,6.4153,2.0555,2007,2009,1.0,1.0,14.3,39.5,15.1,39.6,23.7,39.6,22.9,36.5,22.9,37.5,22.6,34.5,21.4,31.4,21.3,31.8,22.0,31.9,22.0,34.0,21.6,36.2,18.1,37.5
Guezohoue,6.4833,2.0833,2007,2009,1.0,1.0,14.3,39.5,15.1,39.6,23.7,39.6,22.9,36.5,22.9,37.5,22.6,34.5,21.4,31.4,21.3,31.8,22.0,31.9,22.0,34.0,21.6,36.2,18.1,37.5
Hekandji,6.4167,2.1167,2007,2009,1.0,1.0,14.3,39.5,15.1,39.6,23.7,39.6,22.9,36.5,22.9,37.5,22.6,34.5,21.4,31.4,21.3,31.8,22.0,31.9,22.0,34.0,21.6,36.2,18.1,37.5
Pahou,6.3684,2.2109,2006,2016,1.0,1.0,19.0,32.2,25.9,31.9,26.2,32.1,25.5,33.0,26.0,33.4,24.2,30.4,23.7,30.1,23.3,28.5,23.5,29.1,23.6,32.2,24.6,32.8,21.0,34.9
Savi,6.4167,2.1,2007,2009,1.0,0.0,14.3,39.5,15.1,39.6,23.7,39.6,22.9,36.5,22.9,37.5,22.6,34.5,21.4,31.4,21.3,31.8,22.0,31.9,22.0,34.0,21.6,36.2,18.1,37.5
Tokoli Vidjinnagnimon,6.4509,2.15,2007,2011,1.0,1.0,20.5,39.0,23.4,39.1,24.0,39.2,24.3,37.8,23.5,35.5,21.5,33.8,21.3,32.3,19.7,33.0,21.5,32.6,22.0,32.6,22.0,35.3,20.8,38.6
Houegbo,6.8,2.1667,2006,2006,1.0,0.0,12.6,41.5,21.9,43.0,22.9,41.4,23.5,40.7,22.5,37.8,21.4,37.6,20.5,35.7,20.0,35.2,20.8,34.9,22.1,37.8,21.1,39.8,19.8,40.7
Adjahassa,6.55,2.1558,2007,2009,1.0,1.0,14.3,39.5,15.1,39.6,23.7,39.6,22.9,36.5,22.9,37.5,22.6,34.5,21.4,31.4,21.3,31.8,22.0,31.9,22.0,34.0,21.6,36.2,18.1,37.5
Agadon,6.5618,2.1003,2007,2009,1.0,1.0,14.3,39.5,15.1,39.6,23.7,39.6,22.9,36.5,22.9,37.5,22.6,34.5,21.4,31.4,21.3,31.8,22.0,31.9,22.0,34.0,21.6,36.2,18.1,37.5
Agouako,6.5119,2.1643,2007,2009,1.0,1.0,14.3,39.5,15.1,39.6,23.7,39.6,22.9,36.5,22.9,37.5,22.6,34.5,21.4,31.4,21.3,31.8,22.0,31.9,22.0,34.0,21.6,36.2,18.1,37.5
Avame centre,6.5,2.2167,2007,2010,1.0,1.0,17.4,38.5,23.7,35.6,24.1,36.2,23.6,35.9,23.0,34.9,22.7,33.4,21.4,30.2,21.6,32.0,21.5,33.2,22.5,35.9,20.0,37.2,20.8,36.7
Ayidohoue,6.5285,2.1002,2007,2009,1.0,1.0,14.3,39.5,15.1,39.6,23.7,39.6,22.9,36.5,22.9,37.5,22.6,34.5,21.4,31.4,21.3,31.8,22.0,31.9,22.0,34.0,21.6,36.2,18.1,37.5
Dokanmey,6.55,2.2167,2007,2009,1.0,1.0,14.3,39.5,15.1,39.6,23.7,39.6,22.9,36.5,22.9,37.5,22.6,34.5,21.4,31.4,21.3,31.8,22.0,31.9,22.0,34.0,21.6,36.2,18.1,37.5
Hla,6.5133,2.2047,2007,2009,1.0,1.0,14.3,39.5,15.1,39.6,23.7,39.6,22.9,36.5,22.9,37.5,22.6,34.5,21.4,31.4,21.3,31.8,22.0,31.9,22.0,34.0,21.6,36.2,18.1,37.5
Hounkponouhoue,6.5615,2.0848,2007,2009,1.0,1.0,14.3,39.5,15.1,39.6,23.7,39.6,22.9,36.5,22.9,37.5,22.6,34.5,21.4,31.4,21.3,31.8,22.0,31.9,22.0,34.0,21.6,36.2,18.1,37.5
Manguevie,6.4749,2.1596,2007,2009,1.0,1.0,14.3,39.5,15.1,39.6,23.7,39.6,22.9,36.5,22.9,37.5,22.6,34.5,21.4,31.4,21.3,31.8,22.0,31.9,22.0,34.0,21.6,36.2,18.1,37.5
Satre,6.5667,2.0667,2007,2009,1.0,1.0,14.3,39.5,15.1,39.6,23.7,39.6,22.9,36.5,22.9,37.5,22.6,34.5,21.4,31.4,21.3,31.8,22.0,31.9,22.0,34.0,21.6,36.2,18.1,37.5
Soko,6.5964,2.0857,2007,2009,1.0,1.0,14.3,39.5,15.1,39.6,23.7,39.6,22.9,36.5,22.9,37.5,22.6,34.5,21.4,31.4,21.3,31.8,22.0,31.9,22.0,34.0,21.6,36.2,18.1,37.5
Tanto,6.5624,2.1777,2007,2009,1.0,1.0,14.3,39.5,15.1,39.6,23.7,39.6,22.9,36.5,22.9,37.5,22.6,34.5,21.4,31.4,21.3,31.8,22.0,31.9,22.0,34.0,21.6,36.2,18.1,37.5
Todo,6.5037,2.1372,2007,2009,1.0,1.0,14.3,39.5,15.1,39.6,23.7,39.6,22.9,36.5,22.9,37.5,22.6,34.5,21.4,31.4,21.3,31.8,22.0,31.9,22.0,34.0,21.6,36.2,18.1,37.5
Tokoli,6.4576,2.1885,2007,2012,1.0,1.0,16.2,36.2,22.3,35.1,24.4,36.4,22.5,36.8,23.5,35.9,22.2,34.0,21.2,31.8,20.5,32.0,21.6,32.5,20.8,32.1,21.6,34.5,17.5,37.2
Tokoli-Dozouzrame,6.5478,2.2142,2009,2009,1.0,1.0,14.3,39.5,15.1,39.6,23.7,39.6,22.9,36.5,22.9,37.5,22.6,34.5,21.4,31.4,21.3,31.8,22.0,31.9,22.0,34.0,21.6,36.2,18.1,37.5
Tori,6.5031,2.145,2007,2009,1.0,0.0,14.3,39.5,15.1,39.6,23.7,39.6,22.9,36.5,22.9,37.5,22.6,34.5,21.4,31.4,21.3,31.8,22.0,31.9,22.0,34.0,21.6,36.2,18.1,37.5
Tori Cada Centre,6.55,2.2,2007,2010,0.0,1.0,17.4,38.5,23.7,35.6,24.1,36.2,23.6,35.9,23.0,34.9,22.7,33.4,21.4,30.2,21.6,32.0,21.5,33.2,22.5,35.9,20.0,37.2,20.8,36.7
Tori-Bossito,6.5031,2.145,2006,2011,1.0,0.0,20.5,39.0,23.4,39.1,24.0,39.2,24.3,37.8,23.5,35.5,21.5,33.8,21.3,32.3,19.7,33.0,21.5,32.6,22.0,32.6,22.0,35.3,20.8,38.6
Wanho,6.45,2.1833,2007,2009,1.0,1.0,14.3,39.5,15.1,39.6,23.7,39.6,22.9,36.5,22.9,37.5,22.6,34.5,21.4,31.4,21.3,31.8,22.0,31.9,22.0,34.0,21.6,36.2,18.1,37.5
Zoume,6.5467,2.1149,2007,2009,1.0,1.0,14.3,39.5,15.1,39.6,23.7,39.6,22.9,36.5,22.9,37.5,22.6,34.5,21.4,31.4,21.3,31.8,22.0,31.9,22.0,34.0,21.6,36.2,18.1,37.5
Azili,6.7288,2.3701,2015,2015,0.0,0.0,20.7,39.0,21.1,42.0,22.1,40.2,22.8,41.3,22.2,40.3,21.4,35.7,19.5,33.7,20.4,34.5,21.0,33.0,20.9,34.2,20.6,35.7,18.0,38.0
Ze,6.7833,2.3,2007,2009,1.0,0.0,13.8,39.7,14.5,41.8,22.5,42.5,22.2,40.8,20.9,40.7,22.0,36.8,21.1,33.2,20.5,34.1,21.3,34.1,21.3,36.2,21.6,37.8,17.4,39.1
Guessou sud,10.4667,2.65,2006,2006,1.0,0.0,9.9,44.6,13.3,47.8,14.7,49.4,20.6,49.7,23.1,47.8,20.9,42.9,18.3,38.8,20.2,36.9,20.1,40.5,15.0,41.8,11.0,43.3,9.9,41.9
Ina,9.9833,2.7167,2006,2006,1.0,0.0,9.8,43.8,11.7,48.1,14.8,49.6,21.2,50.0,22.6,47.5,21.1,43.3,17.6,39.0,19.9,36.6,20.1,39.7,16.5,41.7,11.9,42.7,9.9,42.7
Tchatchou,10.1167,2.55,2006,2006,1.0,0.0,10.3,43.1,12.6,47.4,14.5,48.9,20.9,49.6,22.5,46.9,20.5,42.2,17.8,38.8,20.1,36.4,20.3,40.0,16.5,42.4,11.4,42.7,10.3,41.5
Boko,9.4894,2.6276,1995,1997,1.0,0.0,11.3,42.2,11.4,44.0,19.2,45.0,22.4,43.8,21.5,40.5,21.0,36.7,19.3,35.1,17.8,30.7,19.9,32.3,16.8,36.3,12.8,38.6,10.2,40.6
Ndali,9.85,2.7167,2006,2006,1.0,0.0,9.0,43.6,12.0,47.5,16.7,48.8,21.4,48.3,21.6,45.9,21.3,42.4,17.4,37.7,19.8,36.6,19.8,38.3,17.4,41.1,11.6,42.7,9.8,41.9
Aladji-Kpara,9.3249,2.6774,2015,2015,0.0,0.0,12.5,41.8,14.0,45.4,13.1,46.3,20.0,45.7,20.5,41.4,20.2,41.1,19.8,42.1,17.9,35.3,19.3,33.8,19.9,38.6,15.0,40.0,12.7,40.6
Azereke,9.3667,2.6667,2009,2009,1.0,1.0,11.4,39.3,10.9,44.7,15.3,46.3,14.2,45.3,20.3,43.3,21.3,40.1,19.4,37.8,18.9,32.8,20.1,34.5,19.0,39.2,15.3,41.6,13.3,42.6
Guema,9.4,2.591,2005,2005,0.0,0.0,12.1,42.5,9.7,44.7,13.0,46.6,21.8,46.5,20.8,43.1,20.5,39.9,19.8,39.8,19.7,34.7,19.5,36.4,20.0,42.8,13.8,42.8,10.4,42.8
Kpekikinou,9.3453,2.7083,2015,2015,0.0,0.0,12.2,41.6,13.0,45.5,12.5,46.5,20.1,45.1,20.1,40.9,19.9,40.1,19.5,39.6,17.5,33.6,19.2,33.3,19.6,37.7,15.4,39.1,13.3,40.0
Parakou,9.35,2.6168,2003,2012,1.0,0.0,10.1,41.3,12.5,44.1,17.5,45.2,16.3,45.5,20.9,43.7,21.3,39.3,20.1,38.6,18.4,31.8,19.4,33.7,19.0,37.0,14.1,38.5,11.4,40.4
Thian,9.3442,2.5801,2015,2015,0.0,0.0,12.5,41.8,14.0,45.4,13.1,46.3,20.0,45.7,20.5,41.4,20.2,41.1,19.8,42.1,17.9,35.3,19.3,33.8,19.9,38.6,15.0,40.0,12.7,40.6
Zongo zeno,9.3611,2.6282,2012,2012,1.0,0.0,10.1,41.3,12.5,44.1,17.5,45.2,16.3,45.5,20.9,43.7,21.3,39.3,20.1,38.6,18.4,31.8,19.4,33.7,19.0,37.0,14.1,38.5,11.4,40.4
Mar�worou,10.401,2.483,2010,2010,1.0,0.0,10.2,44.4,12.1,46.1,14.0,48.7,22.7,46.9,22.8,46.6,20.5,47.2,19.9,43.0,21.4,36.0,20.5,34.8,20.9,36.6,16.6,40.1,10.8,40.3
Sebou,9.167,2.4949,2015,2015,0.0,0.0,12.9,42.5,14.2,44.7,14.4,46.4,20.0,44.5,20.6,42.0,19.6,40.0,19.5,40.3,17.9,34.7,19.2,34.1,19.5,37.7,15.6,39.5,12.9,40.0
Tchaourou,8.9,2.6,2006,2006,1.0,0.0,10.7,44.1,12.6,46.7,20.5,47.6,22.2,45.8,21.5,42.2,21.0,40.4,19.2,35.9,19.6,35.2,20.4,36.0,19.1,40.3,15.6,41.6,13.3,41.7
Amangassa,7.7755,2.1953,2012,2012,1.0,1.0,12.6,41.8,18.6,43.0,20.7,44.0,20.8,43.8,21.5,40.8,21.8,40.3,20.6,36.6,19.7,34.8,21.2,34.0,20.5,34.9,18.9,37.2,12.1,39.8
Dassa-Zoume,7.78,2.18,2001,2007,1.0,0.0,19.0,44.1,20.0,44.7,20.1,45.7,21.4,45.8,22.1,40.9,21.3,39.7,20.6,37.3,19.3,32.8,21.1,32.7,21.4,37.7,14.9,38.5,11.4,39.5
Lema,7.7667,2.2333,1998,2012,1.0,1.0,12.6,41.8,18.6,43.0,20.7,44.0,20.8,43.8,21.5,40.8,21.8,40.3,20.6,36.6,19.7,34.8,21.2,34.0,20.5,34.9,18.9,37.2,12.1,39.8
Camp Peulh Gome,7.8811,2.2126,2015,2015,0.0,0.0,17.7,42.6,19.9,43.2,20.6,43.0,21.6,42.1,21.4,38.5,18.4,37.2,19.0,37.0,20.0,33.8,19.4,34.7,20.1,36.0,18.7,38.6,14.4,39.9
Glazoue,7.9667,2.2333,2007,2007,1.0,0.0,19.0,44.1,20.0,44.7,20.1,45.7,21.4,45.8,22.1,40.9,21.3,39.7,20.6,37.3,19.3,32.8,21.1,32.7,21.4,37.7,14.9,38.5,11.4,39.5
Sowe,7.9667,2.211,2015,2015,0.0,0.0,17.7,42.6,19.9,43.2,20.6,43.0,21.6,42.1,21.4,38.5,18.4,37.2,19.0,37.0,20.0,33.8,19.4,34.7,20.1,36.0,18.7,38.6,14.4,39.9
Zougueme,7.8524,1.8446,2015,2015,0.0,1.0,16.5,41.4,19.6,42.1,19.4,42.1,21.6,40.9,21.4,37.7,18.3,37.0,19.3,36.8,19.8,33.8,20.0,34.9,20.2,35.8,18.4,37.6,14.4,38.8
Zoundji,7.8724,1.8221,2015,2015,0.0,1.0,16.5,41.4,19.6,42.1,19.4,42.1,21.6,40.9,21.4,37.7,18.3,37.0,19.3,36.8,19.8,33.8,20.0,34.9,20.2,35.8,18.4,37.6,14.4,38.8
Save,8.027999999999999,2.489,2007,2007,1.0,0.0,17.5,45.2,19.4,45.3,19.3,46.3,20.8,46.3,22.1,42.0,21.3,40.4,20.7,38.2,19.2,32.7,21.1,32.3,21.3,37.8,15.2,39.0,11.9,40.4
Aplahoue,6.936,1.671,2007,2009,1.0,0.0,12.4,39.6,12.5,40.5,22.0,42.1,20.4,39.3,19.6,40.0,22.0,35.9,21.0,33.1,20.1,35.3,21.4,34.3,21.1,36.8,21.3,37.8,17.0,38.8
Dogbo,6.8013,1.7829,2007,2009,1.0,0.0,12.4,39.6,12.5,40.5,22.0,42.1,20.4,39.3,19.6,40.0,22.0,35.9,21.0,33.1,20.1,35.3,21.4,34.3,21.1,36.8,21.3,37.8,17.0,38.8
Lanta,7.1,1.867,2007,2009,1.0,0.0,12.4,40.3,12.9,42.3,21.2,44.0,21.0,41.4,18.0,41.3,21.7,36.7,20.8,33.3,19.9,35.9,21.1,35.6,21.1,37.8,21.0,39.0,17.3,39.8
Houngo,6.7943,2.0398,2007,2010,0.0,1.0,16.1,39.2,22.4,39.2,22.3,38.9,23.0,38.0,22.4,36.7,21.5,34.8,20.5,31.7,21.3,33.7,20.9,34.9,21.7,35.4,19.1,37.4,19.5,39.0
Toviklin,6.8894,1.8372,2007,2009,1.0,0.0,13.2,39.1,13.2,40.3,22.2,41.6,21.6,39.5,19.9,40.2,21.9,36.0,21.0,32.8,20.4,34.6,21.2,34.1,21.1,36.2,21.2,37.2,16.9,38.4
Bassila,9.0,1.6667,2006,2007,1.0,0.0,10.7,42.3,10.7,42.7,15.6,44.1,16.9,44.2,21.0,40.7,19.9,39.7,18.8,36.2,19.2,32.5,19.7,33.8,21.4,37.1,9.6,36.8,7.1,37.2
Copargo,9.8375,1.5481,2010,2014,1.0,0.0,11.3,41.6,11.3,44.4,16.7,45.9,21.8,44.7,21.7,43.6,19.3,39.2,19.7,37.9,18.3,35.5,18.7,37.1,18.1,37.6,15.0,39.6,10.9,38.8
Kataban,9.9044,1.5302,2012,2012,1.0,0.0,9.9,39.5,11.8,42.4,16.1,43.8,16.0,45.0,21.5,44.0,20.5,40.2,19.5,38.0,18.9,32.5,19.6,34.9,18.1,37.7,10.8,38.0,10.3,38.2
Kparakounan,9.9673,1.4809,2012,2012,1.0,0.0,10.3,39.1,13.0,41.3,14.7,42.8,15.1,44.5,21.5,43.2,20.5,39.4,19.5,37.1,19.3,32.4,19.7,35.1,17.5,37.3,11.3,38.2,9.9,38.1
Akpakpa,6.3708,2.4541,2004,2004,1.0,0.0,22.3,35.2,25.1,35.1,25.8,37.7,24.5,33.3,25.3,32.9,23.7,30.5,22.3,30.0,22.9,29.8,23.6,31.4,24.1,32.6,24.7,33.6,24.1,36.2
Asecna,6.35,2.3833,2005,2010,1.0,0.0,21.0,34.0,23.0,33.0,24.0,33.0,22.0,33.0,23.0,33.0,22.0,33.0,22.0,31.0,23.0,30.0,23.0,30.0,23.0,31.0,23.0,34.0,24.0,33.0
Cotonou 2,6.356,2.436,1996,1998,1.0,0.0,23.5,34.4,21.5,34.7,23.3,35.7,25.3,32.4,24.9,32.1,23.4,30.7,22.6,29.0,21.1,29.6,23.1,31.1,24.0,31.5,24.6,33.1,23.8,34.4
Cotonou Airport,6.3561,2.3833,1995,1995,0.0,0.0,21.9,35.9,23.4,36.1,25.6,33.4,25.5,36.6,25.4,33.0,23.6,33.0,22.3,29.3,22.9,29.5,23.3,29.4,23.0,31.0,23.8,33.4,21.6,34.4
Delokpo,6.372000000000001,2.4423,2005,2005,0.0,0.0,23.4,36.4,20.1,36.1,23.8,37.4,24.9,32.9,24.4,32.6,23.9,30.6,21.9,29.3,22.5,29.4,23.7,30.2,24.4,31.5,25.2,33.1,24.8,34.9
Fifadji,6.3896,2.3985,1995,2009,1.0,0.0,20.0,36.0,21.0,36.0,23.0,33.0,23.0,33.0,23.0,33.0,22.0,32.0,22.0,30.0,22.0,30.0,22.0,30.0,22.0,32.0,24.0,34.0,23.0,34.0
Gbedjromede,6.3848,2.4185,2006,2009,1.0,0.0,20.0,36.0,21.0,36.0,23.0,33.0,23.0,33.0,23.0,33.0,22.0,32.0,22.0,30.0,22.0,30.0,22.0,30.0,22.0,32.0,24.0,34.0,23.0,34.0
Hou�yiho,6.3765,2.4045,2003,2011,1.0,1.0,22.0,34.0,24.0,34.0,23.0,34.0,24.0,34.0,23.0,33.0,24.0,31.0,23.0,30.0,22.0,30.0,23.0,31.0,22.0,32.0,23.0,32.0,23.0,33.0
